-- phpMyAdmin SQL Dump
-- version 4.6.6deb5ubuntu0.5
-- https://www.phpmyadmin.net/
--
-- Host: localhost:3306
-- Generation Time: Mar 23, 2021 at 09:28 PM
-- Server version: 5.7.33-0ubuntu0.18.04.1
-- PHP Version: 7.2.24-0ubuntu0.18.04.7

SET SQL_MODE = "NO_AUTO_VALUE_ON_ZERO";
SET time_zone = "+00:00";


/*!40101 SET @OLD_CHARACTER_SET_CLIENT=@@CHARACTER_SET_CLIENT */;
/*!40101 SET @OLD_CHARACTER_SET_RESULTS=@@CHARACTER_SET_RESULTS */;
/*!40101 SET @OLD_COLLATION_CONNECTION=@@COLLATION_CONNECTION */;
/*!40101 SET NAMES utf8mb4 */;

--
-- Database: `intern_project`
--

-- --------------------------------------------------------

--
-- Table structure for table `attendence`
--

CREATE TABLE `attendence` (
  `id` int(11) NOT NULL,
  `user_id` int(11) DEFAULT NULL,
  `created_at` timestamp NULL DEFAULT NULL,
  `updated_at` timestamp NULL DEFAULT NULL,
  `start_date` date DEFAULT NULL,
  `start_time` time DEFAULT NULL,
  `end_date` date DEFAULT NULL,
  `end_time` time DEFAULT NULL,
  `status` text
) ENGINE=InnoDB DEFAULT CHARSET=utf8mb4;

--
-- Dumping data for table `attendence`
--

INSERT INTO `attendence` (`id`, `user_id`, `created_at`, `updated_at`, `start_date`, `start_time`, `end_date`, `end_time`, `status`) VALUES
(150, 1, NULL, NULL, '2021-02-01', '02:00:00', '2021-02-01', '12:00:00', 'สาย'),
(151, 2, NULL, NULL, '2021-02-02', '02:00:00', '2021-02-02', '02:00:00', 'สาย'),
(157, 1, NULL, NULL, '2021-02-03', '01:00:00', '2021-02-03', '03:00:00', 'สาย'),
(159, 1, NULL, NULL, '2021-02-04', '02:00:00', '2021-02-04', '03:00:00', 'สาย'),
(161, 1, '2021-02-11 09:20:59', '2021-02-11 09:51:20', '2021-02-11', '16:20:00', '2021-02-11', '03:05:00', 'สาย'),
(162, 1, '2021-02-11 09:28:59', '2021-02-12 06:30:27', '2021-02-12', '06:06:00', '2021-02-12', '22:38:00', 'ปกติ'),
(164, 1, NULL, NULL, '2021-02-15', '02:00:00', '2021-02-15', '12:00:00', 'ปกติ'),
(177, 13, '2021-02-15 07:36:00', '2021-02-15 07:36:28', '2021-02-15', '09:39:00', NULL, '18:36:00', 'สาย'),
(178, 2, '2021-02-15 07:48:17', '2021-02-15 07:48:17', '2021-02-15', '14:48:00', NULL, NULL, 'สาย'),
(179, 4, '2021-02-15 07:48:28', '2021-02-15 07:48:28', '2021-02-15', '14:48:00', NULL, NULL, 'สาย'),
(180, 3, '2021-02-15 10:52:33', '2021-02-15 10:52:33', '2021-02-15', '17:52:32', NULL, NULL, 'สาย'),
(181, 4, '2021-02-16 04:58:09', '2021-02-16 04:58:16', '2021-02-16', '11:58:09', NULL, NULL, 'สาย'),
(185, 1, '2021-02-16 11:05:49', '2021-02-16 11:05:55', '2021-02-16', '18:05:48', '2021-02-16', '18:05:55', 'สาย'),
(186, 1, '2021-02-17 02:41:05', '2021-02-17 10:49:40', '2021-02-17', '09:41:05', '2021-02-17', '17:49:39', 'สาย'),
(187, 4, '2021-02-17 04:43:26', '2021-02-17 10:49:40', '2021-02-17', '11:43:26', '2021-02-17', '17:49:39', 'สาย'),
(188, 2, '2021-02-17 07:21:37', '2021-02-17 10:49:40', '2021-02-17', '14:21:36', '2021-02-17', '17:49:39', 'สาย'),
(189, 3, '2021-02-17 07:22:57', '2021-02-17 10:49:40', '2021-02-17', '14:22:57', '2021-02-17', '17:49:39', 'สาย'),
(190, 1, '2021-02-17 07:23:44', '2021-02-17 10:49:40', '2021-02-17', '14:23:44', '2021-02-17', '17:49:39', 'สาย'),
(191, 5, '2021-02-17 07:28:07', '2021-02-17 10:49:40', '2021-02-17', '14:28:07', '2021-02-17', '17:49:39', 'สาย'),
(192, 5, '2021-02-18 02:46:52', '2021-02-18 02:46:52', '2021-02-18', '09:46:51', NULL, NULL, 'สาย'),
(193, 1, '2021-02-19 08:15:17', '2021-02-19 08:15:17', '2021-02-19', '15:15:16', NULL, NULL, 'สาย'),
(198, 1, '2021-02-24 03:26:16', '2021-02-24 09:45:10', '2021-02-24', '08:55:00', NULL, '18:45:00', 'ปกติ'),
(199, 6, '2021-02-24 08:39:18', '2021-02-24 10:42:16', '2021-02-24', '15:40:00', NULL, '18:45:00', 'สาย'),
(204, 6, '2021-02-25 02:48:56', '2021-02-25 06:47:23', '2021-02-25', '08:48:00', NULL, NULL, 'ปกติ'),
(206, 7, '2021-02-25 03:25:03', '2021-02-25 03:25:03', '2021-02-25', '10:24:00', NULL, NULL, 'สาย'),
(208, 6, '2021-03-01 02:41:47', '2021-03-01 02:41:47', '2021-03-01', '09:41:00', NULL, NULL, 'สาย'),
(209, 6, '2021-03-01 04:39:29', '2021-03-01 04:39:29', '2021-04-01', '11:39:00', NULL, NULL, 'สาย'),
(210, 2, '2021-03-01 04:52:43', '2021-03-01 04:52:43', '2021-03-01', '11:52:00', NULL, NULL, 'สาย'),
(211, 7, '2021-03-01 04:52:56', '2021-03-01 04:52:56', '2021-03-02', '11:52:00', NULL, NULL, 'สาย'),
(212, 7, '2021-03-01 04:55:35', '2021-03-01 04:55:35', '2021-04-01', '11:55:00', NULL, NULL, 'สาย'),
(213, 4, '2021-03-01 04:55:48', '2021-03-01 04:55:48', '2021-04-02', '11:55:00', NULL, NULL, 'สาย'),
(214, 1, '2021-03-02 03:01:31', '2021-03-02 03:01:31', '2021-03-02', '08:01:30', NULL, '18:00:00', 'ปกติ'),
(215, 7, '2021-03-04 07:21:21', '2021-03-04 07:39:17', '2021-03-04', '09:00:00', NULL, '18:00:00', 'ปกติ'),
(217, 1, '2021-03-04 08:35:58', '2021-03-04 08:36:03', '2021-03-04', '15:35:58', '2021-03-04', '15:36:03', 'สาย'),
(218, 6, '2021-03-05 03:33:52', '2021-03-05 03:33:52', '2021-03-05', '08:59:00', NULL, NULL, 'ปกติ'),
(219, 7, '2021-03-05 08:43:35', '2021-03-05 08:43:35', '2021-03-05', '15:43:00', NULL, NULL, 'สาย'),
(221, 6, '2021-03-08 09:46:09', '2021-03-08 09:46:48', '2021-03-08', '07:46:00', NULL, '16:47:00', 'ปกติ'),
(222, 6, '2021-03-11 04:25:38', '2021-03-11 04:25:38', '2021-03-11', '11:25:00', NULL, NULL, 'สาย'),
(223, 6, '2021-03-12 08:25:21', '2021-03-12 08:25:21', '2021-03-12', '15:25:00', NULL, NULL, 'สาย'),
(224, 6, '2021-03-15 03:29:17', '2021-03-15 03:29:17', '2021-03-15', '10:29:00', NULL, NULL, 'สาย'),
(231, 1, '2021-03-16 08:40:11', '2021-03-16 08:41:40', '2021-03-16', '08:45:00', NULL, '18:00:00', 'ปกติ'),
(233, 6, '2021-03-16 08:45:15', '2021-03-16 08:59:06', '2021-03-16', '09:10:00', NULL, '18:05:00', 'สาย'),
(235, 6, '2021-03-17 02:56:00', '2021-03-17 02:56:18', '2021-03-17', '08:55:00', NULL, '18:10:00', 'ปกติ'),
(237, 1, '2021-03-17 05:51:06', '2021-03-17 05:51:12', '2021-03-17', '12:51:05', '2021-03-17', '12:51:11', 'สาย'),
(238, 10, '2021-03-17 11:00:43', '2021-03-17 11:00:51', '2021-03-17', '18:00:43', '2021-03-17', '18:00:50', 'สาย'),
(241, 25, '2021-03-18 07:17:50', '2021-03-18 07:17:50', '2021-03-18', '08:30:00', NULL, NULL, 'ปกติ'),
(244, 25, '2021-03-19 03:20:30', '2021-03-19 03:20:30', '2021-03-19', '08:20:00', NULL, NULL, 'ปกติ'),
(247, 1, '2021-03-19 07:47:02', '2021-03-19 07:47:13', '2021-03-19', '14:47:01', '2021-03-19', '14:47:13', 'สาย'),
(248, 2, '2021-03-19 10:54:04', '2021-03-19 10:54:04', '2021-03-19', '17:54:04', NULL, NULL, 'สาย');

-- --------------------------------------------------------

--
-- Table structure for table `department`
--

CREATE TABLE `department` (
  `id` int(11) NOT NULL,
  `name` text NOT NULL,
  `created_at` timestamp NULL DEFAULT NULL,
  `updated_at` timestamp NULL DEFAULT NULL
) ENGINE=InnoDB DEFAULT CHARSET=utf8mb4;

--
-- Dumping data for table `department`
--

INSERT INTO `department` (`id`, `name`, `created_at`, `updated_at`) VALUES
(1, 'บัญชี', NULL, '2021-02-24 10:44:07'),
(3, 'บุคคล', NULL, NULL),
(4, 'จัดชื้อ', NULL, '2021-03-17 04:30:37'),
(20, 'ไอที', '2021-03-19 03:21:06', '2021-03-19 03:21:06');

-- --------------------------------------------------------

--
-- Table structure for table `holiday`
--

CREATE TABLE `holiday` (
  `id` int(3) NOT NULL,
  `name` varchar(25) NOT NULL,
  `start_date` date DEFAULT NULL,
  `end_date` date DEFAULT NULL,
  `day` text,
  `created_at` timestamp NULL DEFAULT NULL,
  `updated_at` timestamp NULL DEFAULT NULL
) ENGINE=InnoDB DEFAULT CHARSET=utf8mb4;

--
-- Dumping data for table `holiday`
--

INSERT INTO `holiday` (`id`, `name`, `start_date`, `end_date`, `day`, `created_at`, `updated_at`) VALUES
(1, 'วันมาฆบูชา', '2021-02-26', NULL, 'วันเดียว', '2021-01-31 17:00:00', '2021-02-24 10:43:24'),
(2, 'วันตรุษจีน', '2021-02-12', NULL, 'วันเดียว', '2021-02-03 17:00:00', '2021-02-11 07:26:22'),
(7, 'วันทดสอบ', '2021-03-10', NULL, 'วันเดียว', '2021-02-12 09:12:33', '2021-03-16 10:28:31'),
(8, 'วันทดสอบ', '2021-04-13', '2021-04-15', 'หลายวัน', '2021-02-12 09:12:41', '2021-02-12 09:12:41'),
(9, 'วันทดสอบ', '2021-05-10', NULL, 'วันเดียว', '2021-02-12 09:12:51', '2021-02-15 04:26:11'),
(13, 'วันทดสอบ', '2021-06-23', NULL, 'วันเดียว', '2021-02-19 04:52:12', '2021-02-19 04:52:12'),
(14, 'วันทดสอบ', '2021-07-13', '2021-07-15', 'หลายวัน', NULL, NULL),
(15, 'วันทดสอบ', '2022-03-09', '2022-03-10', 'หลายวัน', NULL, NULL),
(16, 'ทดสอบ', '2021-04-12', '2021-04-15', 'หลายวัน', '2021-03-04 08:36:45', '2021-03-04 08:36:45'),
(18, 'วันบิดา', '2021-03-16', NULL, 'วันเดียว', '2021-03-08 09:49:51', '2021-03-08 09:49:51'),
(19, 'วันแม่', '2021-08-12', NULL, 'วันเดียว', '2021-03-16 10:31:53', '2021-03-16 10:31:53');

-- --------------------------------------------------------

--
-- Table structure for table `leave`
--

CREATE TABLE `leave` (
  `id` int(11) NOT NULL,
  `user_id` int(11) DEFAULT NULL,
  `leave_type` text,
  `leave_description` text,
  `manyday` varchar(1) DEFAULT NULL,
  `start_date` date DEFAULT NULL,
  `end_date` date DEFAULT NULL,
  `days` int(11) DEFAULT NULL,
  `leave_status` varchar(100) DEFAULT 'อยู่ระหว่างการอนุมัติ',
  `updated_at` timestamp NULL DEFAULT NULL,
  `created_at` timestamp NULL DEFAULT NULL,
  `approve_id` int(11) DEFAULT NULL
) ENGINE=InnoDB DEFAULT CHARSET=utf8mb4;

--
-- Dumping data for table `leave`
--

INSERT INTO `leave` (`id`, `user_id`, `leave_type`, `leave_description`, `manyday`, `start_date`, `end_date`, `days`, `leave_status`, `updated_at`, `created_at`, `approve_id`) VALUES
(58, 1, 'ทำงานที่บ้าน', 'ทำงานที่บ้าน', '1', '2021-03-19', NULL, 1, 'อนุมัติ', '2021-03-19 03:18:00', '2021-03-19 03:17:19', 25),
(59, 25, 'ลาพักร้อน', 'กลับบ้าน', '2', '2021-03-22', '2021-03-26', 5, 'อนุมัติ', '2021-03-19 03:17:57', '2021-03-19 03:17:35', 25),
(60, 26, 'ทำงานที่บ้าน', 'ทำงานที่บ้าน', '1', '2021-03-26', NULL, 1, 'อนุมัติ', '2021-03-19 03:18:03', '2021-03-19 03:17:52', 25),
(61, 2, 'ลากิจ', 'ธุระ', '1', '2021-03-24', NULL, 1, 'อนุมัติ', '2021-03-19 03:19:15', '2021-03-19 03:19:11', 25),
(62, 7, 'ทำงานที่บ้าน', 'ทำงานที่บ้าน', '1', '2021-03-31', NULL, 1, 'อยู่ระหว่างการอนุมัติ', '2021-03-19 03:19:32', '2021-03-19 03:19:32', NULL),
(63, 5, 'ลากิจ', 'ไปต่างจังหวัด', '2', '2021-03-29', '2021-03-31', 3, 'อยู่ระหว่างการอนุมัติ', '2021-03-19 03:19:56', '2021-03-19 03:19:56', NULL),
(64, 3, 'ทำงานที่บ้าน', 'ทำงานที่บ้าน', '1', '2021-03-29', NULL, 1, 'อนุมัติ', '2021-03-19 03:22:24', '2021-03-19 03:22:21', 25),
(65, 4, 'ลากิจ', 'ธุระส่วนตัว', '1', '2021-03-22', NULL, 1, 'อนุมัติ', '2021-03-19 03:23:15', '2021-03-19 03:23:12', 25);

-- --------------------------------------------------------

--
-- Table structure for table `quotaleave`
--

CREATE TABLE `quotaleave` (
  `id` int(11) NOT NULL,
  `user_id` int(11) NOT NULL,
  `quota_leave` int(11) NOT NULL DEFAULT '6',
  `quota_use` int(11) DEFAULT '0',
  `status` varchar(10) NOT NULL DEFAULT 'ลาได้',
  `created_at` timestamp NULL DEFAULT NULL,
  `updated_at` timestamp NULL DEFAULT NULL
) ENGINE=InnoDB DEFAULT CHARSET=utf8mb4;

--
-- Dumping data for table `quotaleave`
--

INSERT INTO `quotaleave` (`id`, `user_id`, `quota_leave`, `quota_use`, `status`, `created_at`, `updated_at`) VALUES
(7, 1, 6, 1, 'ลาได้', NULL, '2021-03-19 03:18:02'),
(8, 2, 4, 1, 'ลาได้', NULL, '2021-03-19 03:19:15'),
(30, 3, 6, 1, 'ลาได้', NULL, '2021-03-19 03:22:25'),
(31, 4, 6, 1, 'ลาได้', NULL, '2021-03-19 03:23:16'),
(32, 5, 6, 0, 'ลาได้', NULL, '2021-03-17 11:07:35'),
(33, 7, 6, 0, 'ลาได้', '2021-02-23 02:48:39', '2021-03-08 09:09:45'),
(34, 6, 6, 0, 'ลาได้', NULL, '2021-03-17 08:46:55'),
(37, 8, 6, 0, 'ลาได้', '2021-02-23 10:37:34', '2021-02-23 10:37:34'),
(40, 9, 6, 0, 'ลาได้', '2021-03-08 09:50:49', '2021-03-08 09:50:49'),
(41, 11, 6, 0, 'ลาได้', '2021-03-17 03:29:20', '2021-03-17 03:29:20'),
(42, 12, 6, 0, 'ลาได้', '2021-03-17 07:14:08', '2021-03-17 07:14:08'),
(43, 13, 6, 0, 'ลาได้', '2021-03-17 07:23:12', '2021-03-17 07:23:12'),
(44, 17, 6, 0, 'ลาได้', '2021-03-17 08:04:33', '2021-03-17 08:04:33'),
(45, 17, 6, 0, 'ลาได้', '2021-03-17 08:14:49', '2021-03-17 08:14:49'),
(46, 17, 6, 0, 'ลาได้', '2021-03-17 08:15:34', '2021-03-17 08:15:34'),
(47, 17, 6, 0, 'ลาได้', '2021-03-17 08:16:27', '2021-03-17 08:16:27'),
(48, 17, 6, 0, 'ลาได้', '2021-03-17 08:19:16', '2021-03-17 08:19:16'),
(49, 18, 6, 0, 'ลาได้', '2021-03-17 08:20:22', '2021-03-17 08:20:22'),
(50, 18, 6, 0, 'ลาได้', '2021-03-17 08:21:44', '2021-03-17 08:21:44'),
(51, 19, 6, 0, 'ลาได้', '2021-03-17 08:23:36', '2021-03-17 08:23:36'),
(52, 20, 6, 0, 'ลาได้', '2021-03-17 08:26:26', '2021-03-17 08:26:26'),
(53, 20, 6, 0, 'ลาได้', '2021-03-17 08:27:26', '2021-03-17 08:27:26'),
(54, 20, 6, 0, 'ลาได้', '2021-03-17 08:27:54', '2021-03-17 08:27:54'),
(55, 20, 6, 0, 'ลาได้', '2021-03-17 08:29:48', '2021-03-17 08:29:48'),
(56, 20, 6, 0, 'ลาได้', '2021-03-17 08:30:05', '2021-03-17 08:30:05'),
(57, 20, 6, 0, 'ลาได้', '2021-03-17 08:30:57', '2021-03-17 08:30:57'),
(58, 20, 6, 0, 'ลาได้', '2021-03-17 08:32:39', '2021-03-17 08:32:39'),
(59, 10, 6, 0, 'ลาได้', '2021-03-17 10:10:09', '2021-03-17 11:06:55'),
(60, 10, 6, 0, 'ลาได้', '2021-03-17 10:27:00', '2021-03-17 10:27:00'),
(61, 21, 6, 0, 'ลาได้', '2021-03-17 10:27:53', '2021-03-17 10:27:53'),
(62, 21, 6, 0, 'ลาได้', '2021-03-17 11:11:04', '2021-03-17 11:11:04'),
(63, 22, 6, 0, 'ลาได้', '2021-03-17 11:11:53', '2021-03-17 11:11:53'),
(64, 23, 6, 0, 'ลาได้', '2021-03-18 04:11:30', '2021-03-18 04:11:30'),
(65, 23, 6, 0, 'ลาได้', '2021-03-18 04:12:28', '2021-03-18 04:12:28'),
(66, 24, 6, 0, 'ลาได้', '2021-03-18 07:04:59', '2021-03-18 07:04:59'),
(67, 25, 6, 5, 'ลาได้', '2021-03-18 07:06:09', '2021-03-19 03:17:58'),
(68, 26, 6, 1, 'ลาได้', '2021-03-18 07:33:12', '2021-03-19 03:18:04');

-- --------------------------------------------------------

--
-- Table structure for table `user`
--

CREATE TABLE `user` (
  `id` int(11) NOT NULL,
  `photo` text,
  `name` text,
  `tel` varchar(10) DEFAULT NULL,
  `department_id` int(11) DEFAULT NULL,
  `email` text,
  `user_level` text,
  `created_at` timestamp NULL DEFAULT NULL,
  `updated_at` timestamp NULL DEFAULT NULL
) ENGINE=InnoDB DEFAULT CHARSET=utf8mb4;

--
-- Dumping data for table `user`
--

INSERT INTO `user` (`id`, `photo`, `name`, `tel`, `department_id`, `email`, `user_level`, `created_at`, `updated_at`) VALUES
(1, NULL, 'จิรวัฒน์  จิตบุญ', '1234567890', 1, 'test@gmail.com', 'User', NULL, '2021-03-04 04:08:32'),
(2, NULL, 'เยาวลักษณ์  ศรีคง', '1234567890', 1, 'test2@gmail.com', 'User', NULL, '2021-02-16 08:43:05'),
(3, NULL, 'ภัทรสุดา  จบถิ่น', '1234567890', 3, 'test3@gmail.com', 'User', NULL, '2021-03-18 07:00:19'),
(4, NULL, 'ธีรไนย  รัชสิริกร', '1234567890', 4, 'test4@gmail.com', 'User', NULL, '2021-02-16 08:56:25'),
(5, NULL, 'ชวิทย์  ม่วงทำ', '1234567890', 3, 'test5@gmail.com', 'User', NULL, '2021-02-16 08:43:37'),
(7, 'https://lh5.googleusercontent.com/-zyWJYD_m9ns/AAAAAAAAAAI/AAAAAAAAAAA/AMZuucmct6KOwGniMfo2cJUk4TBJZJCUBA/s96-c/photo.jpg', 'ประเสริฐ', '0630707726', 3, 'prasert.boy1998@gmail.com', 'Admin', '2021-02-23 02:48:36', '2021-03-19 03:20:54'),
(25, 'https://lh3.googleusercontent.com/a-/AOh14GiMwH5_rhv8_N-DCs8ZFEBD7B-UA34ucl9VATg9=s96-c', 'น้องบอย', '0630707726', 20, 'boyfiinnz2541@gmail.com', 'Admin', '2021-03-18 07:06:07', '2021-03-19 03:21:19'),
(26, 'https://lh4.googleusercontent.com/-N2ddrUiBf80/AAAAAAAAAAI/AAAAAAAAAAA/AMZuuclStGFdv09S4yaKtu6a7if0YVrduw/s96-c/photo.jpg', 'ธนพงศ์ พัฒนสิงห์	', '1234567890', 1, 'thanaphong.pha@gmail.com', 'User', '2021-03-18 07:33:10', '2021-03-18 08:12:31');

--
-- Indexes for dumped tables
--

--
-- Indexes for table `attendence`
--
ALTER TABLE `attendence`
  ADD PRIMARY KEY (`id`);

--
-- Indexes for table `department`
--
ALTER TABLE `department`
  ADD PRIMARY KEY (`id`);

--
-- Indexes for table `holiday`
--
ALTER TABLE `holiday`
  ADD PRIMARY KEY (`id`);

--
-- Indexes for table `leave`
--
ALTER TABLE `leave`
  ADD PRIMARY KEY (`id`);

--
-- Indexes for table `quotaleave`
--
ALTER TABLE `quotaleave`
  ADD PRIMARY KEY (`id`);

--
-- Indexes for table `user`
--
ALTER TABLE `user`
  ADD PRIMARY KEY (`id`);

--
-- AUTO_INCREMENT for dumped tables
--

--
-- AUTO_INCREMENT for table `attendence`
--
ALTER TABLE `attendence`
  MODIFY `id` int(11) NOT NULL AUTO_INCREMENT, AUTO_INCREMENT=249;
--
-- AUTO_INCREMENT for table `department`
--
ALTER TABLE `department`
  MODIFY `id` int(11) NOT NULL AUTO_INCREMENT, AUTO_INCREMENT=21;
--
-- AUTO_INCREMENT for table `holiday`
--
ALTER TABLE `holiday`
  MODIFY `id` int(3) NOT NULL AUTO_INCREMENT, AUTO_INCREMENT=24;
--
-- AUTO_INCREMENT for table `leave`
--
ALTER TABLE `leave`
  MODIFY `id` int(11) NOT NULL AUTO_INCREMENT, AUTO_INCREMENT=66;
--
-- AUTO_INCREMENT for table `quotaleave`
--
ALTER TABLE `quotaleave`
  MODIFY `id` int(11) NOT NULL AUTO_INCREMENT, AUTO_INCREMENT=69;
--
-- AUTO_INCREMENT for table `user`
--
ALTER TABLE `user`
  MODIFY `id` int(11) NOT NULL AUTO_INCREMENT, AUTO_INCREMENT=27;
/*!40101 SET CHARACTER_SET_CLIENT=@OLD_CHARACTER_SET_CLIENT */;
/*!40101 SET CHARACTER_SET_RESULTS=@OLD_CHARACTER_SET_RESULTS */;
/*!40101 SET COLLATION_CONNECTION=@OLD_COLLATION_CONNECTION */;
